Random1 score,Random2 score,Random3 score,Flex2 score,Random1 won,Random2 won,Random3 won,Flex2 won
33000,36000,45100,72300,0,0,0,1
46600,49900,33300,62900,0,0,0,1
38100,46700,27900,67900,0,0,0,1
39200,36300,24700,79500,0,0,0,1
43700,38700,20700,53000,0,0,0,1
31900,40200,18500,63900,0,0,0,1
43100,48500,29500,73900,0,0,0,1
27000,33000,28800,63500,0,0,0,1
41700,35600,30700,63000,0,0,0,1
20700,43000,37600,62000,0,0,0,1
49900,21400,35500,68800,0,0,0,1
29400,37700,47600,81500,0,0,0,1
48600,27800,38200,70100,0,0,0,1
37900,33000,33800,81900,0,0,0,1
67100,40900,28300,81600,0,0,0,1
24900,45900,36900,90000,0,0,0,1
47600,34300,25000,54800,0,0,0,1
49400,33800,31600,72600,0,0,0,1
41500,25500,45700,58600,0,0,0,1
49900,46800,40400,65000,0,0,0,1
20700,35200,31500,68100,0,0,0,1
35000,36300,37800,66200,0,0,0,1
50100,26900,49000,70000,0,0,0,1
35300,26400,31500,56000,0,0,0,1
43200,40500,34900,83100,0,0,0,1
35900,43600,45600,68500,0,0,0,1
30500,56400,30700,87400,0,0,0,1
35400,44700,21100,83100,0,0,0,1
32100,35900,25900,71500,0,0,0,1
43100,32900,33600,77700,0,0,0,1
62700,34800,29000,76500,0,0,0,1
28700,33600,45400,75300,0,0,0,1
20500,21300,53200,65300,0,0,0,1
44000,37200,26500,70800,0,0,0,1
48900,40200,30700,76900,0,0,0,1
35300,46600,28200,86100,0,0,0,1
49000,36600,37800,62200,0,0,0,1
39800,51800,37400,69700,0,0,0,1
37000,42300,32600,70100,0,0,0,1
32600,44300,33100,78300,0,0,0,1
29400,43600,43100,64600,0,0,0,1
41500,34200,40900,70000,0,0,0,1
28400,39600,36400,91500,0,0,0,1
27400,52000,18300,62200,0,0,0,1
36200,35700,38300,82500,0,0,0,1
43900,42200,21900,75000,0,0,0,1
33300,35800,30200,72900,0,0,0,1
29600,46000,29200,72700,0,0,0,1
41100,31300,23000,46700,0,0,0,1
44900,43900,25700,92200,0,0,0,1
42200,32000,32400,87700,0,0,0,1
45000,27900,41700,69000,0,0,0,1
39900,26300,27700,70900,0,0,0,1
40700,42700,31900,82200,0,0,0,1
32800,53300,43700,70600,0,0,0,1
33300,53000,25100,66900,0,0,0,1
22400,38000,51200,76700,0,0,0,1
39500,23500,28400,67500,0,0,0,1
45100,40400,29300,74100,0,0,0,1
59700,32100,33900,55400,1,0,0,0
30700,26700,47100,59300,0,0,0,1
42200,32300,57300,53600,0,0,1,0
47600,40000,33500,65400,0,0,0,1
33900,40500,18600,68400,0,0,0,1
45400,19500,44500,61000,0,0,0,1
36300,22900,45800,57900,0,0,0,1
35700,41200,56100,63300,0,0,0,1
34500,29400,30300,81700,0,0,0,1
26900,55200,28200,58400,0,0,0,1
41500,32000,48800,58700,0,0,0,1
38300,41300,35200,75300,0,0,0,1
37800,20400,32700,71800,0,0,0,1
31900,58800,39200,58400,0,1,0,0
54400,37400,42300,66000,0,0,0,1
49700,31500,30200,60200,0,0,0,1
56200,26900,37300,69000,0,0,0,1
32900,23300,44200,74500,0,0,0,1
41200,42400,29400,69000,0,0,0,1
41500,41300,40800,75600,0,0,0,1
48800,42200,30700,82200,0,0,0,1
26000,57700,31000,67800,0,0,0,1
26600,38200,42300,85500,0,0,0,1
23800,40800,28400,55100,0,0,0,1
52700,24100,37100,69300,0,0,0,1
37200,43500,52100,57800,0,0,0,1
16500,33100,45500,57200,0,0,0,1
35600,39400,39700,73200,0,0,0,1
37600,34700,53700,67800,0,0,0,1
34600,36600,50900,80400,0,0,0,1
34300,40300,35900,66200,0,0,0,1
49700,54800,22600,63400,0,0,0,1
19600,39700,48500,57300,0,0,0,1
42900,23800,31500,58000,0,0,0,1
43200,35400,27500,78400,0,0,0,1
40700,39600,43800,81000,0,0,0,1
39600,51200,16300,54900,0,0,0,1
31600,40000,44100,64500,0,0,0,1
26200,51100,24900,80200,0,0,0,1
22400,56800,43900,73100,0,0,0,1
34900,39300,23000,94200,0,0,0,1
31500,31000,37900,67500,0,0,0,1
20300,43800,38900,74700,0,0,0,1
37500,32200,35400,75200,0,0,0,1
37800,32400,44400,79500,0,0,0,1
37400,26300,47200,93100,0,0,0,1
48100,36800,38600,70700,0,0,0,1
35500,39400,43400,71500,0,0,0,1
28800,46700,20500,62900,0,0,0,1
29000,26500,36700,67900,0,0,0,1
42500,36800,37100,73000,0,0,0,1
39500,29500,42400,61700,0,0,0,1
38700,37700,42400,73300,0,0,0,1
36600,39700,46500,69300,0,0,0,1
41200,30500,38500,69300,0,0,0,1
40600,33800,37300,75600,0,0,0,1
32100,44300,27900,60700,0,0,0,1
33200,49200,18300,61700,0,0,0,1
49700,38500,36200,73400,0,0,0,1
56800,24000,24600,81300,0,0,0,1
42800,43200,50100,73800,0,0,0,1
22200,33100,35200,62800,0,0,0,1
33700,47100,39300,68600,0,0,0,1
62900,36300,31400,50200,1,0,0,0
44300,42900,32600,75900,0,0,0,1
54400,34200,30300,68800,0,0,0,1
43200,31800,37900,62600,0,0,0,1
46300,36400,36500,72900,0,0,0,1
40500,34300,22800,59600,0,0,0,1
42800,33500,22400,69700,0,0,0,1
20600,48000,24000,86900,0,0,0,1
34000,36100,44900,89400,0,0,0,1
47600,24500,45000,78400,0,0,0,1
47700,33900,45400,56400,0,0,0,1
24700,50700,22800,74400,0,0,0,1
43100,35500,46000,68600,0,0,0,1
40100,24100,38000,70900,0,0,0,1
44500,45600,38100,59300,0,0,0,1
30300,39400,31900,70600,0,0,0,1
45400,36400,17200,76900,0,0,0,1
37500,53500,30600,76200,0,0,0,1
37100,35900,31800,79400,0,0,0,1
52200,34900,20900,74200,0,0,0,1
31200,23900,33700,54900,0,0,0,1
46300,50700,37000,72200,0,0,0,1
33700,42500,28600,71500,0,0,0,1
39600,40400,37800,82700,0,0,0,1
28400,41200,35200,56600,0,0,0,1
41900,29400,39100,73000,0,0,0,1
39000,39700,29200,87800,0,0,0,1
41200,26800,33300,59500,0,0,0,1
49100,26500,46500,57400,0,0,0,1
36300,49400,45000,58200,0,0,0,1
26000,55100,35000,78100,0,0,0,1
47200,34800,39800,77600,0,0,0,1
33500,43900,24700,76200,0,0,0,1
36900,33200,33000,86300,0,0,0,1
47900,29000,31300,87100,0,0,0,1
34500,30700,43000,76200,0,0,0,1
21000,45900,23700,69000,0,0,0,1
45100,26100,44000,80200,0,0,0,1
28200,50200,39400,83100,0,0,0,1
29400,27800,19500,63700,0,0,0,1
26700,44100,44900,77900,0,0,0,1
35700,43900,39000,78000,0,0,0,1
55100,45200,29500,82200,0,0,0,1
47500,51200,29000,72000,0,0,0,1
36900,42600,28800,67400,0,0,0,1
25900,57000,33500,70000,0,0,0,1
40900,30200,25400,74500,0,0,0,1
25700,37600,56900,76300,0,0,0,1
35800,43200,48100,62000,0,0,0,1
59800,25000,30500,71800,0,0,0,1
40100,35500,40300,75900,0,0,0,1
29700,52300,31500,74800,0,0,0,1
27700,27400,43900,73900,0,0,0,1
34400,46500,23500,76700,0,0,0,1
35500,43200,41500,61600,0,0,0,1
52900,29100,40300,67200,0,0,0,1
36300,32800,35200,71600,0,0,0,1
38600,25000,44800,78000,0,0,0,1
32300,30200,35600,69800,0,0,0,1
63600,30000,26300,70400,0,0,0,1
24400,22300,42100,79900,0,0,0,1
40300,51600,23000,69300,0,0,0,1
26800,29400,32000,67800,0,0,0,1
53000,29700,33600,75100,0,0,0,1
39000,39000,34600,54700,0,0,0,1
29300,35600,36600,62200,0,0,0,1
34000,40500,39100,76900,0,0,0,1
36800,42600,38900,76500,0,0,0,1
33400,32500,21300,80500,0,0,0,1
38400,54500,27800,70800,0,0,0,1
37500,42100,36600,61700,0,0,0,1
39300,33600,42900,66100,0,0,0,1
30400,46300,27200,79500,0,0,0,1
21700,41500,45100,71800,0,0,0,1
35700,34000,31700,97500,0,0,0,1
44200,35200,23000,61300,0,0,0,1
11800,29800,37800,66200,0,0,0,1
38900,57800,32900,70200,0,0,0,1
48000,31400,35400,72700,0,0,0,1
44500,28900,29500,91100,0,0,0,1
49500,35600,27000,58100,0,0,0,1
38200,41100,35700,74700,0,0,0,1
50500,19700,34100,59600,0,0,0,1
31800,40300,51300,87000,0,0,0,1
30500,40800,26600,59700,0,0,0,1
35200,31500,34600,77300,0,0,0,1
33800,25400,39600,57200,0,0,0,1
43800,43800,25500,79100,0,0,0,1
32700,27400,32000,62100,0,0,0,1
23100,46800,43400,79000,0,0,0,1
41100,33900,48600,64800,0,0,0,1
35400,42400,25000,77900,0,0,0,1
54700,40000,23900,64700,0,0,0,1
29400,48800,42300,71500,0,0,0,1
46300,25100,35600,74900,0,0,0,1
28900,62700,39300,73900,0,0,0,1
31900,40500,37400,60000,0,0,0,1
26500,41500,33200,67800,0,0,0,1
59400,23400,41700,59900,0,0,0,1
42200,44400,38600,72000,0,0,0,1
52000,30300,28600,62400,0,0,0,1
49000,35800,38200,71900,0,0,0,1
37300,41300,37900,81900,0,0,0,1
64600,34800,28300,78000,0,0,0,1
33800,38000,45100,80100,0,0,0,1
33600,35600,53900,83600,0,0,0,1
33300,35100,33000,83200,0,0,0,1
33800,53500,26100,73200,0,0,0,1
31600,44400,21200,53400,0,0,0,1
21700,39000,32400,57200,0,0,0,1
28200,36400,35900,71400,0,0,0,1
38900,41400,39700,76900,0,0,0,1
35300,31900,24900,70800,0,0,0,1
40800,25000,46800,73900,0,0,0,1
45700,33000,31500,82800,0,0,0,1
48300,34200,34500,85500,0,0,0,1
23400,32000,44700,71100,0,0,0,1
65500,32500,27700,64200,1,0,0,0
42500,34100,38300,90500,0,0,0,1
33300,38200,37000,79100,0,0,0,1
25800,43200,32500,72900,0,0,0,1
47100,27500,33300,72300,0,0,0,1
60200,28300,20300,75900,0,0,0,1
36100,42100,25000,74200,0,0,0,1
40000,31700,40600,60000,0,0,0,1
38500,32600,48500,57700,0,0,0,1
45300,39600,24800,93700,0,0,0,1
34400,32800,52400,80300,0,0,0,1
43400,28900,34700,68000,0,0,0,1
15100,42200,31900,70500,0,0,0,1
53500,31800,51100,71900,0,0,0,1
42800,28400,27600,86800,0,0,0,1
30800,38100,39200,69600,0,0,0,1
43500,28600,32200,71500,0,0,0,1
37000,29500,39000,74100,0,0,0,1
37700,52600,27900,61900,0,0,0,1
24600,28200,41500,77600,0,0,0,1
36800,26900,35500,65200,0,0,0,1
21600,25100,57100,66300,0,0,0,1
39600,39900,32100,55500,0,0,0,1
36200,27400,27100,74200,0,0,0,1
19000,29900,30600,69600,0,0,0,1
36000,32100,41400,80700,0,0,0,1
30600,57100,35900,63700,0,0,0,1
44300,30400,31800,62100,0,0,0,1
48000,31100,26400,62200,0,0,0,1
38700,31000,39100,76000,0,0,0,1
53900,36100,29300,69600,0,0,0,1
30600,20100,41500,68300,0,0,0,1
54100,34100,30800,77000,0,0,0,1
33400,57100,23300,73700,0,0,0,1
27000,52400,44700,55800,0,0,0,1
48000,38600,25100,67300,0,0,0,1
29000,38300,31700,67900,0,0,0,1
50100,34500,48100,61000,0,0,0,1
44600,17900,21300,65100,0,0,0,1
38800,38200,36500,72500,0,0,0,1
49700,41900,29600,69600,0,0,0,1
57100,38300,29400,68200,0,0,0,1
34200,33800,27400,70700,0,0,0,1
38800,34000,34500,94500,0,0,0,1
33700,29300,49400,77900,0,0,0,1
32500,27000,42000,77500,0,0,0,1
32200,25600,35500,64300,0,0,0,1
48200,42400,29000,63000,0,0,0,1
24700,34900,33900,84700,0,0,0,1
28800,23000,43600,86300,0,0,0,1
24200,27600,34800,48900,0,0,0,1
48400,44100,26500,68400,0,0,0,1
38900,39000,31000,76700,0,0,0,1
57900,37100,29000,76500,0,0,0,1
40800,20100,24900,62400,0,0,0,1
35400,42600,43600,76900,0,0,0,1
41800,23300,23900,74100,0,0,0,1
33300,45500,38900,84000,0,0,0,1
26100,39400,30500,86200,0,0,0,1
31900,21600,35500,76100,0,0,0,1
47000,55700,27300,77900,0,0,0,1
51700,37900,16100,78800,0,0,0,1
33500,28300,34300,78500,0,0,0,1
37600,27700,35200,73600,0,0,0,1
43900,34400,20000,82700,0,0,0,1
36700,18200,31200,78400,0,0,0,1
52400,31300,26600,62200,0,0,0,1
34000,47500,17300,49600,0,0,0,1
31300,53900,39600,65900,0,0,0,1
58100,36700,43400,61600,0,0,0,1
41900,20100,26100,84900,0,0,0,1
40700,37300,26800,75000,0,0,0,1
39100,32000,54100,75200,0,0,0,1
37800,28000,49300,82900,0,0,0,1
41700,39500,56700,74800,0,0,0,1
47100,46800,27000,70300,0,0,0,1
33300,45700,41100,88500,0,0,0,1
26400,36400,38200,72000,0,0,0,1
35800,37200,42800,66800,0,0,0,1
23900,59200,35200,82300,0,0,0,1
46600,50800,30000,70700,0,0,0,1
50300,41400,24300,88900,0,0,0,1
41300,37200,35100,53300,0,0,0,1
49800,33000,51000,65000,0,0,0,1
35400,33200,32700,70700,0,0,0,1
33700,27300,31800,71700,0,0,0,1
29200,49000,45800,69700,0,0,0,1
32900,48500,22100,66600,0,0,0,1
41600,24900,44300,80600,0,0,0,1
35100,41800,41600,57700,0,0,0,1
40100,34900,27500,71100,0,0,0,1
43000,40600,32700,76100,0,0,0,1
44500,45300,43500,66100,0,0,0,1
31900,31300,40300,83000,0,0,0,1
25500,43300,38000,79300,0,0,0,1
38500,31900,40800,52900,0,0,0,1
38000,40900,42300,81700,0,0,0,1
37500,35200,47200,69100,0,0,0,1
40800,30100,40800,75800,0,0,0,1
38600,32900,46300,84700,0,0,0,1
58200,39300,38600,64900,0,0,0,1
43600,27500,41600,81900,0,0,0,1
23700,39100,27300,73500,0,0,0,1
49500,33700,35100,74200,0,0,0,1
52200,40900,42400,80800,0,0,0,1
43900,29000,20400,68100,0,0,0,1
41100,28900,34600,74200,0,0,0,1
37800,39900,32400,79700,0,0,0,1
53800,39800,50100,58400,0,0,0,1
37800,31700,23300,60900,0,0,0,1
40300,40300,31700,68700,0,0,0,1
49200,44500,36900,82100,0,0,0,1
46400,29700,39700,69700,0,0,0,1
39900,41200,40200,68300,0,0,0,1
41700,30900,31100,72900,0,0,0,1
22300,40400,23500,72200,0,0,0,1
40200,36800,43900,70300,0,0,0,1
39900,32700,40800,71300,0,0,0,1
31000,35400,31100,78200,0,0,0,1
35400,36300,42600,86300,0,0,0,1
28600,30100,41100,75800,0,0,0,1
37600,57400,29200,94700,0,0,0,1
30300,32400,22700,58700,0,0,0,1
47400,40800,28900,66200,0,0,0,1
38700,30200,44900,74500,0,0,0,1
30200,34000,34100,55900,0,0,0,1
34900,46100,34800,76300,0,0,0,1
26700,38100,47900,57700,0,0,0,1
45100,37300,41600,58800,0,0,0,1
49100,50400,40300,71900,0,0,0,1
28500,44900,47600,63000,0,0,0,1
37400,40600,29200,82400,0,0,0,1
54100,18100,26200,56600,0,0,0,1
45900,42000,25000,65000,0,0,0,1
33100,38200,45700,76900,0,0,0,1
25100,48600,23300,65300,0,0,0,1
30500,37400,44200,73100,0,0,0,1
58400,33500,25200,76900,0,0,0,1
23800,40900,33700,72900,0,0,0,1
27100,44900,55300,77900,0,0,0,1
37700,31100,54000,67000,0,0,0,1
33600,39400,43600,76900,0,0,0,1
33400,30300,30400,67400,0,0,0,1
41200,26100,56200,59500,0,0,0,1
32800,23600,50400,79500,0,0,0,1
48200,47200,33300,78600,0,0,0,1
40000,30500,32600,62300,0,0,0,1
42900,30900,35200,75600,0,0,0,1
21400,26400,41600,82900,0,0,0,1
33700,55800,33700,81100,0,0,0,1
26200,49700,33800,55600,0,0,0,1
38100,45200,40700,67500,0,0,0,1
31200,39200,39600,85100,0,0,0,1
49900,27700,32700,73500,0,0,0,1
31200,39000,39100,77300,0,0,0,1
34300,41200,36200,57400,0,0,0,1
27800,43000,46800,60500,0,0,0,1
30800,50600,35000,49800,0,1,0,0
33300,30800,31900,72000,0,0,0,1
42700,23400,21800,69900,0,0,0,1
34400,34700,36700,63800,0,0,0,1
38800,47500,34800,79100,0,0,0,1
28500,32100,40500,91700,0,0,0,1
32800,41900,35000,75100,0,0,0,1
41000,26500,19400,68200,0,0,0,1
36400,39100,35600,87500,0,0,0,1
35600,38900,37500,66400,0,0,0,1
40000,31400,34000,73700,0,0,0,1
38700,29400,21400,82200,0,0,0,1
28500,33700,40900,80300,0,0,0,1
39400,32900,59200,81600,0,0,0,1
28700,47400,33200,71600,0,0,0,1
28200,37700,41300,72200,0,0,0,1
53600,36500,27600,65200,0,0,0,1
25000,48000,37500,90700,0,0,0,1
27600,51900,26700,82800,0,0,0,1
31100,21100,59000,62400,0,0,0,1
32700,42100,45800,95100,0,0,0,1
31000,29500,34600,64600,0,0,0,1
39900,45700,32600,55300,0,0,0,1
30800,49800,23000,69800,0,0,0,1
41500,28500,45900,81300,0,0,0,1
30400,23500,44500,62400,0,0,0,1
42600,26900,40000,67000,0,0,0,1
33500,40300,30100,74200,0,0,0,1
42100,51800,43300,63300,0,0,0,1
32900,42000,36800,57100,0,0,0,1
36700,29700,53400,75900,0,0,0,1
44400,28000,52500,63600,0,0,0,1
35500,34300,37400,74300,0,0,0,1
23000,42700,26700,78900,0,0,0,1
22900,33300,39200,51000,0,0,0,1
28200,39600,39200,63100,0,0,0,1
44200,39000,25300,76700,0,0,0,1
21600,40400,24200,52400,0,0,0,1
38700,41700,35900,76200,0,0,0,1
37500,43200,35200,67300,0,0,0,1
30900,36100,46000,80900,0,0,0,1
38000,45800,61600,68300,0,0,0,1
40000,25400,25100,64400,0,0,0,1
29400,44400,56800,83500,0,0,0,1
32400,37800,46600,92000,0,0,0,1
39200,30900,30700,66300,0,0,0,1
30100,34500,44300,70900,0,0,0,1
34300,38600,35700,81300,0,0,0,1
29000,44500,35900,75500,0,0,0,1
28000,47900,23900,65900,0,0,0,1
33700,34300,34900,90400,0,0,0,1
41100,39200,37400,83100,0,0,0,1
44200,35800,35500,73100,0,0,0,1
47400,47700,26400,71900,0,0,0,1
31700,34600,29500,66100,0,0,0,1
50200,31200,28800,59800,0,0,0,1
23600,36900,38100,73400,0,0,0,1
29200,42700,43000,83700,0,0,0,1
24900,62000,29800,58700,0,1,0,0
41400,23600,33600,63500,0,0,0,1
38800,25900,41600,68400,0,0,0,1
47300,23300,32700,73700,0,0,0,1
38900,47700,43600,78600,0,0,0,1
50500,26800,30300,70300,0,0,0,1
53900,31400,34800,72700,0,0,0,1
20600,38900,32900,53500,0,0,0,1
40100,45000,38000,69900,0,0,0,1
39700,35300,48900,44400,0,0,1,0
33200,35000,45700,72200,0,0,0,1
25000,53000,55300,69300,0,0,0,1
42200,48100,28100,74900,0,0,0,1
25800,33900,42700,65300,0,0,0,1
24900,27000,35400,73300,0,0,0,1
28400,34100,32200,69700,0,0,0,1
51500,33300,42000,57800,0,0,0,1
40500,36700,23400,58300,0,0,0,1
46800,41800,37600,74300,0,0,0,1
25500,36100,35900,64300,0,0,0,1
38100,22700,38200,85600,0,0,0,1
30200,44500,21100,75000,0,0,0,1
30700,33700,39200,71900,0,0,0,1
45700,29400,42300,79100,0,0,0,1
23600,52100,39200,79600,0,0,0,1
26700,26100,33900,76900,0,0,0,1
41200,34100,23300,56600,0,0,0,1
43200,43800,32100,82300,0,0,0,1
29800,51300,38800,68900,0,0,0,1
30700,64000,41900,76600,0,0,0,1
26500,44700,25600,68300,0,0,0,1
42900,42400,37700,67600,0,0,0,1
35600,45700,34000,79000,0,0,0,1
37200,25800,36100,85300,0,0,0,1
30500,44700,44000,67800,0,0,0,1
24700,34100,52500,73800,0,0,0,1
25000,45600,42100,76900,0,0,0,1
29200,41500,58600,62100,0,0,0,1
35600,30400,40700,63200,0,0,0,1
40100,28900,38000,89400,0,0,0,1
39000,33200,34300,77000,0,0,0,1
53800,40100,23400,68800,0,0,0,1
47100,30900,34200,62100,0,0,0,1
41300,45000,38100,70700,0,0,0,1
33000,43100,37700,53600,0,0,0,1
33600,30500,41900,67000,0,0,0,1
30500,28300,40000,59400,0,0,0,1
44900,47000,35500,66400,0,0,0,1
36700,25700,19400,67600,0,0,0,1
40000,23400,53600,65400,0,0,0,1
35500,42400,26300,83900,0,0,0,1
39900,39100,41600,73700,0,0,0,1
21700,51500,24000,53600,0,0,0,1
39700,45300,34900,68000,0,0,0,1
33500,34600,33700,69300,0,0,0,1
35700,42400,33300,84300,0,0,0,1
39200,41300,48600,59200,0,0,0,1
39900,47800,39100,75600,0,0,0,1
30500,19300,37000,89300,0,0,0,1
44000,43000,50000,66800,0,0,0,1
50000,42800,33400,76900,0,0,0,1
37200,20000,49800,75000,0,0,0,1
23900,28700,38300,60600,0,0,0,1
47300,41100,37600,82600,0,0,0,1
50600,45700,33500,68900,0,0,0,1
33100,41700,31300,62500,0,0,0,1
34000,33700,20100,61200,0,0,0,1
43600,33200,37700,76000,0,0,0,1
37800,30600,34100,63000,0,0,0,1
45800,24300,28100,85300,0,0,0,1
42100,36700,26300,60900,0,0,0,1
38400,47200,30900,71700,0,0,0,1
32700,26000,51700,88800,0,0,0,1
50200,29400,45100,75600,0,0,0,1
29100,33600,39400,46100,0,0,0,1
47000,46800,39000,79900,0,0,0,1
30600,39900,16800,56900,0,0,0,1
35700,35700,38600,85000,0,0,0,1
58400,26100,25700,67600,0,0,0,1
27200,39200,37600,52500,0,0,0,1
33700,51800,34500,76000,0,0,0,1
28800,34600,35600,73500,0,0,0,1
36600,41700,46300,62700,0,0,0,1
41000,44700,26300,60200,0,0,0,1
34700,43700,28800,84800,0,0,0,1
38600,24900,32600,58600,0,0,0,1
28800,41100,38700,65500,0,0,0,1
39900,50900,41300,78300,0,0,0,1
40200,49700,31100,68300,0,0,0,1
47200,32500,47600,70600,0,0,0,1
32400,36500,34300,66800,0,0,0,1
42100,20700,47600,84000,0,0,0,1
28900,38400,30500,67700,0,0,0,1
26900,53500,31600,72000,0,0,0,1
42000,26600,42900,84900,0,0,0,1
34900,39400,50000,89200,0,0,0,1
44700,49200,39400,66200,0,0,0,1
44900,20900,46000,65400,0,0,0,1
44500,24300,22500,80500,0,0,0,1
42600,32100,33200,87800,0,0,0,1
21700,55400,43600,56400,0,0,0,1
34200,48300,52700,70400,0,0,0,1
27800,25700,38000,58700,0,0,0,1
39400,60700,27800,80700,0,0,0,1
36600,38700,25000,62900,0,0,0,1
29500,37100,38900,55900,0,0,0,1
35200,39300,25300,77200,0,0,0,1
28400,47400,41800,72100,0,0,0,1
47400,37200,25700,90000,0,0,0,1
54300,25100,31300,60300,0,0,0,1
51300,25700,24200,77100,0,0,0,1
48900,24500,39300,84000,0,0,0,1
27900,32300,30300,69600,0,0,0,1
22100,24000,35500,53000,0,0,0,1
23500,25400,44100,77100,0,0,0,1
50000,52300,23900,70000,0,0,0,1
58100,43400,23400,73800,0,0,0,1
33600,44200,35800,72400,0,0,0,1
35100,28100,45100,74000,0,0,0,1
31900,52100,39100,78600,0,0,0,1
28400,33200,60700,64500,0,0,0,1
31900,29100,38800,54200,0,0,0,1
35100,29600,38300,68100,0,0,0,1
39800,50300,22500,75000,0,0,0,1
24700,52100,43200,71800,0,0,0,1
49100,31700,38700,74300,0,0,0,1
46400,30900,42400,68800,0,0,0,1
54800,36900,40800,60300,0,0,0,1
28700,44500,30200,87900,0,0,0,1
37400,39400,39100,82400,0,0,0,1
40300,52800,26000,77400,0,0,0,1
22700,30400,35900,66500,0,0,0,1
34800,23300,31100,46800,0,0,0,1
29500,40500,47700,82200,0,0,0,1
40000,31000,42100,77600,0,0,0,1
17100,33300,52400,74100,0,0,0,1
26400,28900,37500,72500,0,0,0,1
37100,51300,28900,70100,0,0,0,1
47500,38500,31100,77800,0,0,0,1
25000,53300,39800,63200,0,0,0,1
23200,47500,47900,70200,0,0,0,1
48100,28700,21000,61300,0,0,0,1
55700,28500,32400,86400,0,0,0,1
31700,24400,36600,77300,0,0,0,1
25100,27600,38900,60600,0,0,0,1
33600,43300,37500,57300,0,0,0,1
39800,38900,58000,72700,0,0,0,1
21500,46400,26200,56000,0,0,0,1
45900,37900,27000,84100,0,0,0,1
37200,23000,50600,80800,0,0,0,1
35500,34100,32100,90000,0,0,0,1
24100,39300,41900,72100,0,0,0,1
28000,38500,26200,69600,0,0,0,1
32200,38000,24800,77300,0,0,0,1
36500,41300,42400,81900,0,0,0,1
11700,30000,28800,63900,0,0,0,1
27400,57800,47300,62000,0,0,0,1
29900,34600,43900,75600,0,0,0,1
40500,40100,38500,65700,0,0,0,1
35200,42100,33800,76100,0,0,0,1
27400,45000,25500,76400,0,0,0,1
28400,25400,49200,65400,0,0,0,1
39900,40900,37900,65200,0,0,0,1
36400,53300,30000,67400,0,0,0,1
33800,37200,31300,84300,0,0,0,1
28900,21100,48700,64800,0,0,0,1
39100,30600,22800,66000,0,0,0,1
43400,36300,26700,78400,0,0,0,1
27300,34700,42700,91900,0,0,0,1
26000,33400,36500,73800,0,0,0,1
46200,48500,26600,75800,0,0,0,1
44300,35000,28700,72000,0,0,0,1
30200,18700,40100,79100,0,0,0,1
27100,59000,39300,66300,0,0,0,1
47700,32300,26900,75000,0,0,0,1
33100,39600,28800,77200,0,0,0,1
40900,41700,31700,70400,0,0,0,1
50300,23700,40000,72200,0,0,0,1
51900,45800,32900,74900,0,0,0,1
39000,34300,24900,72000,0,0,0,1
44600,24500,27800,78900,0,0,0,1
38900,34700,44500,79900,0,0,0,1
27300,43500,23400,78300,0,0,0,1
29200,51200,33300,61800,0,0,0,1
38300,51100,32900,67100,0,0,0,1
28100,32700,47100,71700,0,0,0,1
41200,22100,39200,80600,0,0,0,1
29100,42900,24400,66000,0,0,0,1
32200,32300,40300,74700,0,0,0,1
41900,24700,28300,74100,0,0,0,1
53000,37600,36200,71500,0,0,0,1
43000,42600,41400,72900,0,0,0,1
27600,44500,36200,73400,0,0,0,1
35100,32700,47400,80200,0,0,0,1
44100,42500,56800,75900,0,0,0,1
34100,36400,38400,46900,0,0,0,1
42500,34500,25900,60500,0,0,0,1
24100,23500,45800,81600,0,0,0,1
45400,34100,34200,84200,0,0,0,1
38600,52600,23800,68500,0,0,0,1
42700,57800,42300,70400,0,0,0,1
37900,30500,41000,67100,0,0,0,1
51000,46900,24400,73400,0,0,0,1
39400,36800,48200,87400,0,0,0,1
35900,28300,36200,73800,0,0,0,1
35500,54800,45100,65200,0,0,0,1
39600,50500,45400,63800,0,0,0,1
21400,50200,45900,61200,0,0,0,1
52400,47100,28300,75700,0,0,0,1
39600,32600,24200,78100,0,0,0,1
35800,41800,34700,83000,0,0,0,1
52300,27400,25700,76400,0,0,0,1
27200,45800,42100,64200,0,0,0,1
42100,32800,28400,78200,0,0,0,1
30600,36800,41900,59200,0,0,0,1
32600,24000,43600,43100,0,0,1,0
37000,33600,18100,57300,0,0,0,1
34300,39100,26400,83200,0,0,0,1
29800,51800,32200,69000,0,0,0,1
23200,46000,33000,72400,0,0,0,1
62600,36400,36100,52700,1,0,0,0
37100,33300,46000,67300,0,0,0,1
25300,49800,63000,70100,0,0,0,1
40500,39800,30400,69900,0,0,0,1
45300,30500,44200,63400,0,0,0,1
40800,31900,42600,64100,0,0,0,1
52200,33600,42800,68000,0,0,0,1
27900,38700,37100,60300,0,0,0,1
46600,30700,34000,61400,0,0,0,1
32100,28000,38000,70500,0,0,0,1
37500,42400,29900,82100,0,0,0,1
35500,43100,36400,76100,0,0,0,1
57900,43200,30700,68200,0,0,0,1
41800,34300,23500,77000,0,0,0,1
34900,40800,36800,81400,0,0,0,1
33700,25400,39000,62000,0,0,0,1
48300,47700,33100,72100,0,0,0,1
41900,43300,35200,97400,0,0,0,1
41900,39400,49100,90200,0,0,0,1
47100,36500,24300,61200,0,0,0,1
36100,41000,42300,72100,0,0,0,1
20200,47400,44300,73400,0,0,0,1
31700,44400,29300,79900,0,0,0,1
53400,42000,31300,77900,0,0,0,1
35400,43300,32400,64800,0,0,0,1
22500,27000,39700,78300,0,0,0,1
36800,41000,32000,69900,0,0,0,1
32200,53400,53000,63200,0,0,0,1
30900,29100,31400,86800,0,0,0,1
24800,43600,41900,73800,0,0,0,1
25800,48200,29800,71100,0,0,0,1
48300,30500,27500,66000,0,0,0,1
39600,27800,38000,64100,0,0,0,1
28500,31900,38800,67400,0,0,0,1
37200,30900,28100,75200,0,0,0,1
25400,35400,24100,78700,0,0,0,1
22100,21400,39300,70800,0,0,0,1
48100,42300,53000,68600,0,0,0,1
42300,50000,36900,75000,0,0,0,1
27200,36600,41200,73300,0,0,0,1
30500,36900,35700,71400,0,0,0,1
38600,35900,42600,66800,0,0,0,1
39500,38400,37900,79800,0,0,0,1
34100,35400,28700,69800,0,0,0,1
28000,29600,31900,88500,0,0,0,1
33100,44600,47000,60500,0,0,0,1
34900,38600,41200,69000,0,0,0,1
30000,57400,22700,48600,0,1,0,0
41300,25100,17800,75200,0,0,0,1
29300,54900,44100,74300,0,0,0,1
43100,35800,34900,70900,0,0,0,1
39100,25400,48600,78300,0,0,0,1
35000,31800,41700,74500,0,0,0,1
29300,46600,31200,72600,0,0,0,1
52600,35200,33000,74000,0,0,0,1
30200,21400,38500,75500,0,0,0,1
41800,30500,37800,79600,0,0,0,1
30600,38000,41300,66400,0,0,0,1
46700,60100,29300,71200,0,0,0,1
39600,38900,19600,76600,0,0,0,1
35000,31100,37800,69800,0,0,0,1
45200,38800,23500,81200,0,0,0,1
35200,58600,31200,71800,0,0,0,1
39100,38400,27000,70700,0,0,0,1
40700,38400,43700,83700,0,0,0,1
49200,42800,33700,78200,0,0,0,1
63400,29600,42300,79300,0,0,0,1
43500,44100,26800,76500,0,0,0,1
49000,44000,32200,70600,0,0,0,1
48400,37700,27700,65500,0,0,0,1
31300,45800,36500,81900,0,0,0,1
43600,49000,44600,58700,0,0,0,1
32900,36800,34800,53000,0,0,0,1
46200,18800,31000,59400,0,0,0,1
34500,44300,34300,86900,0,0,0,1
22700,49300,35600,67700,0,0,0,1
51100,38400,30800,73700,0,0,0,1
34000,43700,23900,83000,0,0,0,1
28500,44700,64500,69700,0,0,0,1
25000,48700,23800,54600,0,0,0,1
31000,36300,42200,60700,0,0,0,1
48500,30600,41100,49900,0,0,0,1
34800,43300,36300,66300,0,0,0,1
33100,34500,30100,77700,0,0,0,1
51400,39500,28700,59700,0,0,0,1
43200,30400,31500,69500,0,0,0,1
36400,36300,57400,65600,0,0,0,1
25700,46500,29700,67200,0,0,0,1
31100,42700,27700,68500,0,0,0,1
53000,31900,33600,76800,0,0,0,1
49200,33700,35700,89100,0,0,0,1
39700,44900,29200,63500,0,0,0,1
36400,38500,49600,74300,0,0,0,1
31000,41300,34700,72500,0,0,0,1
24200,36400,43600,69700,0,0,0,1
18600,42900,33300,72700,0,0,0,1
40600,32000,37300,67900,0,0,0,1
41800,32700,45200,95400,0,0,0,1
41200,46600,43100,85900,0,0,0,1
36500,48400,37400,75700,0,0,0,1
38000,44300,20100,65300,0,0,0,1
37700,51400,18500,56100,0,0,0,1
58300,35400,29800,74000,0,0,0,1
32400,38000,42200,83400,0,0,0,1
32800,20800,27600,55600,0,0,0,1
32400,22400,42300,64400,0,0,0,1
26600,39600,50200,82600,0,0,0,1
24900,37200,35600,45300,0,0,0,1
38800,35800,42800,67000,0,0,0,1
34600,31100,47900,81800,0,0,0,1
30800,31400,50500,91700,0,0,0,1
29200,47300,44700,65400,0,0,0,1
22000,37600,40100,69700,0,0,0,1
34400,47600,42300,75800,0,0,0,1
46500,41900,23500,64900,0,0,0,1
48300,30400,29300,67100,0,0,0,1
34000,23100,32800,77200,0,0,0,1
30800,45200,42800,89100,0,0,0,1
26000,37300,61400,75100,0,0,0,1
39100,48800,44200,63500,0,0,0,1
24400,35900,33800,67100,0,0,0,1
36700,44800,34600,66200,0,0,0,1
42000,43700,40400,79000,0,0,0,1
34500,29700,25100,55500,0,0,0,1
34000,48100,36400,77700,0,0,0,1
32600,31900,42400,76200,0,0,0,1
55100,48400,31300,74700,0,0,0,1
38400,48600,33300,74700,0,0,0,1
53800,33800,23600,70400,0,0,0,1
32800,27100,37700,57500,0,0,0,1
35700,49000,49400,71200,0,0,0,1
49900,35200,31200,66300,0,0,0,1
21200,23600,48900,57300,0,0,0,1
47600,42100,34000,87300,0,0,0,1
41900,32300,47300,75400,0,0,0,1
39300,46800,30400,59600,0,0,0,1
23100,38000,29500,69800,0,0,0,1
32400,28100,36500,54700,0,0,0,1
32600,50200,27800,79100,0,0,0,1
30800,35200,26400,60500,0,0,0,1
26600,48500,21600,69300,0,0,0,1
34700,30900,49800,74100,0,0,0,1
24900,47300,42700,70700,0,0,0,1
36000,37200,26200,61000,0,0,0,1
27100,28600,39900,87000,0,0,0,1
41300,38200,51000,75200,0,0,0,1
34800,27900,38400,73900,0,0,0,1
31000,47400,33200,63700,0,0,0,1
44400,43200,34600,66500,0,0,0,1
51200,37300,16800,80800,0,0,0,1
49000,39200,47800,56300,0,0,0,1
36800,27000,26600,60900,0,0,0,1
38200,24500,32500,60400,0,0,0,1
22100,37700,39500,88200,0,0,0,1
45600,45200,34900,86700,0,0,0,1
30900,33800,26100,63500,0,0,0,1
30200,32200,49700,65700,0,0,0,1
33500,38200,26900,77100,0,0,0,1
31500,33900,56000,81100,0,0,0,1
34500,27600,39000,69800,0,0,0,1
32100,29500,39600,87800,0,0,0,1
40900,47700,25800,68000,0,0,0,1
63100,25500,43100,61000,1,0,0,0
24400,49100,41200,48700,0,1,0,0
27700,35700,31800,68400,0,0,0,1
50200,42400,29500,51800,0,0,0,1
39600,30800,29700,79500,0,0,0,1
33800,38000,39300,73600,0,0,0,1
33700,43400,33300,64800,0,0,0,1
42400,35100,33900,71500,0,0,0,1
60800,28300,33500,81000,0,0,0,1
34200,30100,49800,63800,0,0,0,1
47400,31400,34100,74700,0,0,0,1
31900,22700,36500,79400,0,0,0,1
40000,36500,27300,84200,0,0,0,1
24400,56400,31800,50400,0,1,0,0
41300,59600,28400,60700,0,0,0,1
20100,62600,29000,62500,0,1,0,0
43100,43200,35200,91900,0,0,0,1
23900,29500,44900,72300,0,0,0,1
32500,27700,36000,69100,0,0,0,1
34800,21200,41500,76100,0,0,0,1
29600,38700,48700,64000,0,0,0,1
24600,35700,35900,52100,0,0,0,1
52200,61100,23500,58500,0,1,0,0
30700,28700,51300,96300,0,0,0,1
25100,48700,33000,94400,0,0,0,1
18400,32900,58300,67800,0,0,0,1
22900,53000,21000,67600,0,0,0,1
25700,42100,45400,84700,0,0,0,1
16700,20800,40100,73600,0,0,0,1
46600,40600,24100,68100,0,0,0,1
48500,46600,37800,85700,0,0,0,1
36000,36700,35500,73400,0,0,0,1
37300,43000,25700,65700,0,0,0,1
58100,28400,44700,59800,0,0,0,1
32700,46300,40700,63700,0,0,0,1
28700,34600,27400,82100,0,0,0,1
36800,29700,27900,72800,0,0,0,1
47600,32200,34000,67100,0,0,0,1
34000,30900,42000,62000,0,0,0,1
37100,33500,27800,92500,0,0,0,1
44400,35500,39600,73400,0,0,0,1
38700,44400,35300,65700,0,0,0,1
32600,61100,31000,84200,0,0,0,1
31500,45600,39100,85600,0,0,0,1
44700,31900,36400,92600,0,0,0,1
33700,38600,32300,73600,0,0,0,1
45200,25500,37400,74200,0,0,0,1
55300,24500,40400,65100,0,0,0,1
64700,27500,42700,71600,0,0,0,1
31000,51400,39200,58000,0,0,0,1
42100,35400,29800,70500,0,0,0,1
40400,33600,22500,66900,0,0,0,1
20100,36700,39700,71400,0,0,0,1
38700,35800,32300,90800,0,0,0,1
37200,31300,36100,65500,0,0,0,1
29100,30200,59800,73500,0,0,0,1
38700,42600,23600,66000,0,0,0,1
38200,44600,56800,76500,0,0,0,1
37300,32700,46600,72600,0,0,0,1
34900,35100,47400,84800,0,0,0,1
31800,35000,48800,84400,0,0,0,1
36800,45600,34900,74100,0,0,0,1
61600,30300,23400,69000,0,0,0,1
39900,42600,26600,65800,0,0,0,1
40000,22500,45600,83300,0,0,0,1
34900,55300,27900,85300,0,0,0,1
33000,47700,23900,69700,0,0,0,1
30500,32100,39900,75800,0,0,0,1
30700,31200,28300,81400,0,0,0,1
29100,34400,33200,64200,0,0,0,1
52400,34100,37300,64700,0,0,0,1
46000,27400,27600,71400,0,0,0,1
37500,53000,38100,69100,0,0,0,1
25100,41300,36000,70000,0,0,0,1
23700,51500,35200,68300,0,0,0,1
54800,39300,31700,56500,0,0,0,1
42700,28200,50000,58700,0,0,0,1
36100,31400,37700,80700,0,0,0,1
30700,33600,41500,81600,0,0,0,1
36000,36500,27200,76800,0,0,0,1
39500,60200,37100,73900,0,0,0,1
33300,22900,40100,65600,0,0,0,1
40900,39100,28500,63300,0,0,0,1
33100,33500,39900,72900,0,0,0,1
33000,32100,49900,94100,0,0,0,1
39100,51300,38400,65600,0,0,0,1
32800,52800,48100,64700,0,0,0,1
32200,38300,40700,92100,0,0,0,1
38100,42200,38500,76000,0,0,0,1
23200,43000,35800,68000,0,0,0,1
38300,32000,51500,68000,0,0,0,1
28000,26500,48100,64600,0,0,0,1
34100,29500,40800,63100,0,0,0,1
32900,20900,37200,63200,0,0,0,1
39900,34700,38900,76200,0,0,0,1
22200,30900,52400,71000,0,0,0,1
37300,50500,28400,75800,0,0,0,1
27500,45500,24700,84200,0,0,0,1
32200,33600,60700,71100,0,0,0,1
44200,31900,32600,78400,0,0,0,1
37300,53100,49800,76100,0,0,0,1
45000,40800,37300,68600,0,0,0,1
38600,38900,25700,54900,0,0,0,1
40700,49000,22700,69700,0,0,0,1
39100,47800,25400,58600,0,0,0,1
25200,45700,34900,66800,0,0,0,1
35600,41800,37100,75300,0,0,0,1
49900,28200,70800,78500,0,0,0,1
41800,35600,48300,76600,0,0,0,1
31500,36400,29600,59500,0,0,0,1
36200,38400,22600,60600,0,0,0,1
57400,23800,55800,65400,0,0,0,1
38700,32600,31500,79000,0,0,0,1
17800,46200,38900,74500,0,0,0,1
41300,47000,25300,75700,0,0,0,1
39900,36800,36000,70000,0,0,0,1
32500,26600,50300,78700,0,0,0,1
27100,32100,26600,57300,0,0,0,1
32600,30600,39200,81800,0,0,0,1
34000,29500,29500,75500,0,0,0,1
35300,37700,52500,76600,0,0,0,1
34700,37400,44000,71100,0,0,0,1
44400,34800,49800,82500,0,0,0,1
36800,29200,41700,69900,0,0,0,1
43800,47100,26500,65700,0,0,0,1
45600,29800,23000,66700,0,0,0,1
36600,34500,26300,72000,0,0,0,1
45000,26200,39400,73600,0,0,0,1
32100,40200,46700,89300,0,0,0,1
31500,32000,31500,65700,0,0,0,1
28300,46500,23700,55200,0,0,0,1
40700,34200,22200,81100,0,0,0,1
27000,49900,43300,68500,0,0,0,1
38800,43800,32700,79600,0,0,0,1
24800,38500,34000,76000,0,0,0,1
42500,27400,37200,73100,0,0,0,1
41900,52300,39800,77200,0,0,0,1
39800,25900,51000,64200,0,0,0,1
52700,32300,39400,74000,0,0,0,1
27800,35900,36500,61700,0,0,0,1
36400,33700,36000,84600,0,0,0,1
29500,34900,28100,66400,0,0,0,1
35500,32900,44800,61000,0,0,0,1
23000,44900,44000,61200,0,0,0,1
42200,39400,43900,70400,0,0,0,1
37800,44000,34500,76000,0,0,0,1
29600,35100,29200,64800,0,0,0,1
43900,54100,26800,78500,0,0,0,1
40400,42400,43600,71600,0,0,0,1
27300,49700,35300,82100,0,0,0,1
38800,28300,23300,83700,0,0,0,1
46100,26800,33900,81000,0,0,0,1
36100,45800,42700,83100,0,0,0,1
52100,37800,42900,47200,1,0,0,0
49800,24000,32000,70800,0,0,0,1
49500,22300,35000,84100,0,0,0,1
38300,35600,31200,79200,0,0,0,1
29700,31900,38900,81300,0,0,0,1
28200,40400,35100,73700,0,0,0,1
46900,33300,20100,47100,0,0,0,1
54200,35300,37700,80500,0,0,0,1
41300,27600,26700,72800,0,0,0,1
28900,53400,22300,71400,0,0,0,1
38200,35200,28100,79300,0,0,0,1
30400,53100,33800,65900,0,0,0,1
